source,author,title,description,url,publishedAt,content,cleaned_content,negative,neutral,positive
Zacks.com,Zacks Equity Research,Microsoft's (MSFT) Q2 Earnings & Revenues Surpass Estimates,Microsoft's (MSFT) second-quarter fiscal 2022 results reflect continued strength in the Azure cloud platform and Teams app.,http://www.zacks.com/stock/news/1857596/microsoft-s-msft-q2-earnings-revenues-surpass-estimates?cid=CS-ENTREPRENEUR-FT-analyst_blog|earnings_article-1857596,2022-01-26T17:44:00Z,"MicrosoftMSFT reported second-quarter fiscal 2022 earnings of $2.48 per share, which beat the Zacks Consensus Estimate by 8.3%. The bottom line surged 22% on a year-over-year basis.Revenues of $45.3 … [+9668 chars]",microsoftmsft reported secondquarter fiscal earnings per share beat zacks consensus estimate bottom line surged yearoveryear basisrevenues char,0.0,0.879,0.121
Zacks.com,Zacks Equity Research,Microsoft's (MSFT) Q1 Earnings & Revenues Surpass Estimates,"Microsoft's (MSFT) fiscal first-quarter results reflect continued strength in the Azure cloud platform, Teams app and the gaming segment.",http://www.zacks.com/stock/news/1817592/microsoft-s-msft-q1-earnings-revenues-surpass-estimates?cid=CS-ENTREPRENEUR-FT-analyst_blog|earnings_article-1817592,2021-10-27T14:46:00Z,"Microsoft MSFT reported first-quarter fiscal 2022 earnings of $2.27 per share, which beat the Zacks Consensus Estimate by 10.2%. The bottom line also surged 25% on a year-over-year basis (up 23% at c… [+11125 chars]",microsoft msft reported firstquarter fiscal earnings per share beat zacks consensus estimate bottom line also surged yearoveryear basis c char,0.0,0.891,0.109
Zacks.com,Zacks Equity Research,Microsoft's (MSFT) Q1 Earnings & Revenues Surpass Estimates,"Microsoft's (MSFT) fiscal first-quarter results reflect continued strength in the Azure cloud platform, Teams app and the gaming segment.",http://www.zacks.com/stock/news/1817592/microsoft-s-msft-q1-earnings-revenues-surpass-estimates?cid=CS-ENTREPRENEUR-FT-analyst_blog|earnings_article-1817592,2021-10-27T14:46:00Z,"Microsoft MSFT reported first-quarter fiscal 2022 earnings of $2.27 per share, which beat the Zacks Consensus Estimate by 10.2%. The bottom line also surged 25% on a year-over-year basis (up 23% at c… [+11125 chars]",microsoft msft reported firstquarter fiscal earnings per share beat zacks consensus estimate bottom line also surged yearoveryear basis c char,0.0,0.891,0.109
Entrepreneur,Euni Han,Microsoft's Market Cap Tops $2 Trillion,MSFT shares are up 19% so far this year.,https://www.entrepreneur.com/article/375525,2021-06-23T19:37:55Z,"Opinions expressed by Entrepreneur contributors are their own.
Tech giant Microsoft joined the likes of Apple and oil company Saudi Aramco in reaching the $2 trillion marker on Tuesday, CNN reports.… [+1071 chars]",opinion expressed entrepreneur contributor tech giant microsoft joined like apple oil company saudi aramco reaching trillion marker tuesday cnn report char,0.0,0.815,0.185
MarketBeat,Sam Quirke,"Microsoft (NASDAQ: MSFT) Saves The Day, For Now","With the major indices being slammed right down towards their lows of the year this week, there was a lot riding on Microsoft’s (NASDAQ: MSFT) earnings last night.",https://www.marketbeat.com/originals/microsoft-nasdaq-msft-saves-the-day-for-now/,2022-04-27T12:00:00Z,"With the major indices being slammed right down towards their lows of the year this week, there was a lot riding on Microsofts(NASDAQ: MSFT) earnings last night. The tech giant reported their fiscal … [+3767 chars]",major index slammed right towards low year week lot riding microsoftsnasdaq msft earnings last night tech giant reported fiscal char,0.1,0.9,0.0
Zacks.com,Zacks Equity Research,Microsoft (MSFT) to Report Q2 Earnings: What's in the Cards?,Microsoft's (MSFT) fiscal second-quarter 2022 results are likely to reflect benefits from Azure cloud business and Teams app amid weakening demand for PCs.,http://www.zacks.com/stock/news/1855487/microsoft-msft-to-report-q2-earnings-what-s-in-the-cards?cid=CS-ENTREPRENEUR-FT-analyst_blog|earnings_preview-1855487,2022-01-21T16:37:00Z,"MicrosoftMSFT is set to report second-quarter fiscal 2022 results on Jan 25.The Zacks Consensus Estimate for revenues is pegged at $50.32 billion, implying growth of 16.82% from the figure reported i… [+5601 chars]",microsoftmsft set report secondquarter fiscal result jan zacks consensus estimate revenue pegged billion implying growth figure reported char,0.0,0.867,0.133
Zacks.com,Zacks Equity Research,"The Zacks Analyst Blog Highlights: CRM, WMT, TSLA, COST, and MSFT","The Zacks Analyst Blog Highlights: CRM, WMT, TSLA, COST, and MSFT",http://www.zacks.com/stock/news/1810214/the-zacks-analyst-blog-highlights-crm-wmt-tsla-cost-and-msft?cid=CS-ENTREPRENEUR-FT-press_releases-1810214,2021-10-13T16:39:00Z,"For Immediate Release
Chicago, IL October 13, 2021 Zacks.com announces the list of stocks featured in the Analyst Blog. Every day the Zacks Equity Research analysts discuss the latest news and event… [+7928 chars]",immediate release chicago il october zackscom announces list stock featured analyst blog every day zacks equity research analyst discus latest news event char,0.0,1.0,0.0
Zacks.com,Zacks Equity Research,Momentum in Azure Cloud to Aid Microsoft's (MSFT) Q2 Earnings,Microsoft's (MSFT) fiscal second-quarter performance is likely to reflect momentum in the Azure cloud platform due to rapid digital transformation.,http://www.zacks.com/stock/news/1856341/momentum-in-azure-cloud-to-aid-microsoft-s-msft-q2-earnings?cid=CS-ENTREPRENEUR-FT-analyst_blog|earnings_preview-1856341,2022-01-24T17:58:00Z,"Microsofts MSFTsecond-quarter fiscal 2022 results, scheduled to be reported on Jan 25, are likely to have been driven by the continued strength in its cloud platform Azure. The platform has been bene… [+3486 chars]",microsofts msftsecondquarter fiscal result scheduled reported jan likely driven continued strength cloud platform azure platform bene char,0.0,0.833,0.167
Zacks.com,Zacks Equity Research,Microsoft (MSFT) Cloud Gaming Coming to Latest Xbox Consoles,Microsoft (MSFT) will extend its cloud gaming to Xbox Series X and Series S along with Xbox One consoles around this holiday season.,http://www.zacks.com/stock/news/1786536/microsoft-msft-cloud-gaming-coming-to-latest-xbox-consoles?cid=CS-ENTREPRENEUR-FT-analyst_blog|company_news_tech_sector-1786536,2021-08-25T14:40:00Z,"August
25, 2021
4 min read
This story originally appeared on ZacksMicrosoft MSFT will extend its cloud gaming to Xbox Series X and Series S along with Xbox One consoles around this holiday season.… [+4104 chars]",august min read story originally appeared zacksmicrosoft msft extend cloud gaming xbox series x series along xbox one console around holiday season char,0.0,0.82,0.18
Zacks.com,Sheraz Mian,"Top Research Reports for Microsoft, Netflix & Waste Management","Today's Research Daily features new research reports on 16 major stocks, including Microsoft Corporation (MSFT), Netflix, Inc. (NFLX), and Waste Manag...",http://www.zacks.com/commentary/1790613/top-research-reports-for-microsoft-netflix-waste-management?cid=CS-ENTREPRENEUR-FT-research_daily-1790613,2021-09-02T19:26:00Z,"September
2, 2021
4 min read
This story originally appeared on ZacksThursday, September 2, 2021
The Zacks Research Daily presents the best research output of our analyst team. Today's Research Da… [+4070 chars]",september min read story originally appeared zacksthursday september zacks research daily present best research output analyst team today research da char,0.0,0.826,0.174
Zacks.com,Sheraz Mian,"Top Research Reports for Microsoft, Amazon & NextEra Energy","Today's Research Daily features new research reports on 16 major stocks, including Microsoft Corporation (MSFT), Amazon.com, Inc. (AMZN), and NextEra...",http://www.zacks.com/commentary/1802702/top-research-reports-for-microsoft-amazon-nextera-energy?cid=CS-ENTREPRENEUR-FT-research_daily-1802702,2021-09-29T17:48:00Z,"Wednesday, September 29, 2021
The Zacks Research Daily presents the best research output of our analyst team. Today's Research Daily features new research reports on 16 major stocks, including Micro… [+3975 chars]",wednesday september zacks research daily present best research output analyst team today research daily feature new research report major stock including micro char,0.0,0.84,0.16
Zacks.com,Nalak Das,Fed Gives Bond-Buy Tapering Signal Without Timeline: 5 Picks,"We have narrowed down our search to five U.S. corporate behemoths that have strong growth potential for the rest of 2021. These are: AAPL, MSFT, NVDA,...",http://www.zacks.com/stock/news/1799919/fed-gives-bond-buy-tapering-signal-without-timeline-5-picks?cid=CS-ENTREPRENEUR-FT-analyst_blog|investment_ideas-1799919,2021-09-23T10:41:00Z,"On Sep 22, Wall Street closed sharply higher ending its 4-day losing streak and recouped some of the losses it has suffered in September. The three major stock indexes the Dow, the S&amp;P 500 and th… [+8632 chars]",sep wall street closed sharply higher ending day losing streak recouped loss suffered september three major stock index dow sampp th char,0.299,0.701,0.0
Zacks.com,Nalak Das,5 Blue-Chip Stock to Buy as Dow Crosses a Fresh Milestone,"We have narrowed down our search to five Dow stocks with strong growth potential for the ensuing quarter. These are: CVX, DOW, MCD, HD and MSFT.",http://www.zacks.com/stock/news/1822471/5-blue-chip-stock-to-buy-as-dow-crosses-a-fresh-milestone?cid=CS-ENTREPRENEUR-FT-analyst_blog|investment_ideas-1822471,2021-11-03T10:50:00Z,"Wall Street is having an impressive bull run in 2021 with just eight weeks of trading left. The three major stock indexes the Dow, the S&amp;P 500 and the Nasdaq Composite recorded new all-time highs… [+9521 chars]",wall street impressive bull run eight week trading left three major stock index dow sampp nasdaq composite recorded new alltime high char,0.0,0.864,0.136
Zacks.com,Ritujay Ghosh,4 Stocks to Watch in a Booming Videogame Industry,"High demand for videogames since the coronavirus outbreak has been boosting sales of consoles from Microsoft Corporation (MSFT), Electronic Arts (EA) and Sony Corporation (SONY).",http://www.zacks.com/stock/news/1823274/4-stocks-to-watch-in-a-booming-videogame-industry?cid=CS-ENTREPRENEUR-FT-analyst_blog|investment_ideas-1823274,2021-11-04T08:48:00Z,The craze for videogames that peaked following the coronavirus outbreak last year hasnt died out. This is contrary to the predictions of many that sales would decline once the economy reopens and peo… [+5395 chars],craze videogames peaked following coronavirus outbreak last year hasnt died contrary prediction many sale would decline economy reopens peo char,0.071,0.799,0.13
Zacks.com,Sheraz Mian,"Top Research Reports for Microsoft, Visa & Cisco","Today's Research Daily features new research reports on 16 major stocks, including Microsoft Corporation (MSFT), Visa Inc. (V), and Cisco Systems, Inc. (CSCO).",http://www.zacks.com/commentary/1856212/top-research-reports-for-microsoft-visa-cisco?cid=CS-ENTREPRENEUR-FT-research_daily-1856212,2022-01-24T17:43:00Z,"Monday, January 24, 2022
The Zacks Research Daily presents the best research output of our analyst team. Today's Research Daily features new research reports on 16 major stocks, including Microsoft … [+7594 chars]",monday january zacks research daily present best research output analyst team today research daily feature new research report major stock including microsoft char,0.0,0.84,0.16
Blogspot.com,noreply@blogger.com (Unknown),Apple has become the world's first $3 trillion company,"<table><tr><td></td></tr><tr><td>Apple CEO Tim Cook greets fans outside the Apple Store on Fifth Ave in the Manhattan borough of New York, New York, U.S., September 20, 2019. REUTERS/Carlo Allegri</td></tr>
</table>Apple has taken another important step. The…",https://techncruncher.blogspot.com/2022/01/apple-has-become-worlds-first-3.html,2022-01-03T21:41:00Z,Apple has taken another important step. The iPhone maker surpassed a market value of $ 3 trillion on Monday - the first publicly traded company  to be worth that much. Apple shares (AAPL)  briefly ro… [+1000 chars],apple taken another important step iphone maker surpassed market value trillion monday first publicly traded company worth much apple share aapl briefly ro char,0.0,0.707,0.293
Zacks.com,Vaishali Doshi,3 Software Stocks to Snap Up in a Prospering Industry,"Computer Software industry participants like Microsoft (MSFT), Cadence Design Systems (CDNS) and PTC (PTC) are benefiting from a steady digital transf...",http://www.zacks.com/commentary/1794751/3-software-stocks-to-snap-up-in-a-prospering-industry?cid=CS-ENTREPRENEUR-FT-industry_outlook-1794751,2021-09-10T16:50:00Z,The Zacks Computer Software industry is benefiting from the pandemic-induced accelerated digital transformation drive across the globe. Software is ubiquitous and has become the focal point of techno… [+1768 chars],zacks computer software industry benefiting pandemicinduced accelerated digital transformation drive across globe software ubiquitous become focal point techno char,0.0,1.0,0.0
Zacks.com,Sreoshi Bera,4 Stocks to Watch as the Gaming Space Continues to Boom,"The gaming space has been maintaining momentum and investors should keep a close watch on Microsoft (MSFT), JAKKS Pacific (JAKK), Electronic Arts (EA)...",http://www.zacks.com/stock/news/1800574/4-stocks-to-watch-as-the-gaming-space-continues-to-boom?cid=CS-ENTREPRENEUR-FT-analyst_blog|investment_ideas-1800574,2021-09-24T13:45:00Z,"The gaming space has stood strong through the pandemic, experiencing exponential growth as lockdowns and social-distancing measures limited peoples entertainment options. The global gaming market rea… [+6410 chars]",gaming space stood strong pandemic experiencing exponential growth lockdown socialdistancing measure limited people entertainment option global gaming market rea char,0.071,0.602,0.327
Zacks.com,Sheraz Mian,"Top Analyst Reports for Microsoft, Mastercard & Pfizer","Today's Research Daily features new research reports on 16 major stocks, including Microsoft Corporation (MSFT), Mastercard Incorporated (MA), and Pfizer Inc. (PFE).",http://www.zacks.com/commentary/1813530/top-analyst-reports-for-microsoft-mastercard-pfizer?cid=CS-ENTREPRENEUR-FT-research_daily-1813530,2021-10-20T18:14:00Z,"Wednesday, October 20, 2021
The Zacks Research Daily presents the best research output of our analyst team. Today's Research Daily features new research reports on 16 major stocks, including Microso… [+4021 chars]",wednesday october zacks research daily present best research output analyst team today research daily feature new research report major stock including microso char,0.0,0.84,0.16
Zacks.com,Sheraz Mian,"Top Research Reports for Microsoft, Berkshire Hathaway & Oracle","Today's Research Daily features new research reports on 16 major stocks, including Microsoft Corporation (MSFT), Berkshire Hathaway Inc. (BRK.B), and Oracle Corporation (ORCL).",http://www.zacks.com/commentary/1827206/top-research-reports-for-microsoft-berkshire-hathaway-oracle?cid=CS-ENTREPRENEUR-FT-research_daily-1827206,2021-11-11T20:15:00Z,"Thursday, November 11, 2021
The Zacks Research Daily presents the best research output of our analyst team. Today's Research Daily features new research reports on 16 major stocks, including Microso… [+3864 chars]",thursday november zacks research daily present best research output analyst team today research daily feature new research report major stock including microso char,0.0,0.84,0.16
Zacks.com,Nalak Das,5 Dow Stocks That Helped the Index Score Big in 2021,"We have narrowed our search to five Dow stocks that have pulled in the most in 2021. These are: MSFT, HD, GS, UNH and CVX.",http://www.zacks.com/stock/news/1842621/5-dow-stocks-that-helped-the-index-score-big-in-2021?cid=CS-ENTREPRENEUR-FT-analyst_blog|investment_ideas-1842621,2021-12-23T10:49:00Z,"Wall Street is set to close back-to-back highly successful years despite being pandemic-ridden. However, if we compare the relative performance of major indexes in 2020 and 2021, we will find that it… [+10404 chars]",wall street set close backtoback highly successful year despite pandemicridden however compare relative performance major index find char,0.0,0.806,0.194
Zacks.com,Sheraz Mian,"Top Stock Reports for Microsoft, UnitedHealth & Schwab","Today's Research Daily features new research reports on 16 major stocks, including Microsoft Corporation (MSFT), UnitedHealth Group Incorporated (UNH), and The Charles Schwab Corporation (SCHW).",http://www.zacks.com/commentary/1849038/top-stock-reports-for-microsoft-unitedhealth-schwab?cid=CS-ENTREPRENEUR-FT-research_daily-1849038,2022-01-07T18:08:00Z,"Friday, January 7, 2022
The Zacks Research Daily presents the best research output of our analyst team. Today's Research Daily features new research reports on 16 major stocks, including Microsoft C… [+4254 chars]",friday january zacks research daily present best research output analyst team today research daily feature new research report major stock including microsoft c char,0.0,0.84,0.16
Business Insider,Matthew Fox,"Microsoft's 'game changing' AI products should power the stock 15% higher to record highs in 2024, Wedbush says","""We estimate for every $100 of cloud Azure spend with MSFT the last few years there is an incremental $35-$40 of AI spend for [MSFT],"" Dan Ives said.",https://markets.businessinsider.com/news/stocks/microsoft-stock-price-outlook-game-changing-ai-products-record-highs-2023-11,2023-11-16T15:30:12Z,"Satya Nadella, CEO of Microsoft.Sean Gallup/Getty Images
<ul><li>Microsoft's ""game changing"" AI products are seeing solid traction with its Azure customers, according to Wedbush.</li><li>Wedbush inc… [+2267 chars]",satya nadella ceo microsoftsean gallupgetty image ullimicrosofts game changing ai product seeing solid traction azure customer according wedbushliliwedbush inc char,0.0,0.922,0.078
Entrepreneur,Mangeet Kaur Bouns,1 Stock That Continues to Outperform the S&P 500,Software giant Microsoft (MSFT) reported robust fourth-quarter financials. The company is well-positioned to capitalize on the continued transition of businesses to cloud platforms. The tech stock has outperformed the S&P...,https://www.entrepreneur.com/article/434465,2022-08-31T14:07:02Z,Software giant Microsoft (MSFT) reported robust fourth-quarter financials. The company is well-positioned to capitalize on the continued transition of businesses to cloud platforms. The tech stock ha… [+6732 chars],software giant microsoft msft reported robust fourthquarter financials company wellpositioned capitalize continued transition business cloud platform tech stock ha char,0.0,0.789,0.211
Entrepreneur,Anushka Dutta,This 1 Tech Stock Could Become the Next Microsoft,Tech giant International Business Machines (IBM) shows promise to depict a Microsoft (MSFT)-like growth story based on its robust cloud operations and efficient management practices. Let’s discuss IBM’s prospects in...,https://www.entrepreneur.com/article/434642,2022-09-02T14:53:55Z,Tech giant International Business Machines (IBM) shows promise to depict a Microsoft (MSFT)-like growth story based on its robust cloud operations and efficient management practices. Let's discuss IB… [+4182 chars],tech giant international business machine ibm show promise depict microsoft msftlike growth story based robust cloud operation efficient management practice let discus ib char,0.0,0.664,0.336
StockNews.com,Anushka Dutta,Web 3.0: How to Capitalize on the Future of the Internet,"The Internet is expected to be revolutionized with decentralization and blockchain technology, transforming into Web 3.0. So, let’s analyze three fundamentally solid stocks, International Business Machines (IBM), Microsoft (MSFT), and...",https://stocknews.com/news/ibm-msft-intc-web-3-0-how-to-capitalize-on-the-future-of-the/,2022-04-21T11:30:00Z,"The Internet is expected to be revolutionized with decentralization and blockchain technology, transforming into Web 3.0. So, lets analyze three fundamentally solid stocks, International Business Mac… [+9025 chars]",internet expected revolutionized decentralization blockchain technology transforming web let analyze three fundamentally solid stock international business mac char,0.0,0.914,0.086
StockNews.com,Riddhima Chakraborty,"2 Robinhood Stocks to Buy, 2 to Sell","Stocks traded on the Robinhood (HOOD) platform are considered the most popular, especially among Gen Z and millennial investors. In addition to popularity, HOOD stocks Microsoft (MSFT) and Walmart (WMT)...",https://stocknews.com/news/msft-wmt-snap-pton-2-robinhood-stocks-to-buy-2-to-sell/,2021-10-15T13:18:20Z,"Stocks traded on the Robinhood (HOOD) platform are considered the most popular, especially among Gen Z and millennial investors. In addition to popularity, HOOD stocks Microsoft (MSFT) and Walmart (W… [+8669 chars]",stock traded robinhood hood platform considered popular especially among gen z millennial investor addition popularity hood stock microsoft msft walmart w char,0.0,0.753,0.247
Entrepreneur,Spandan Khandelwal,"Heavy Call Buying in Microsoft, is It a Good Stock to Buy?",Microsoft Corporation (MSFT) has recently reported solid revenue growth across all its segments for the fiscal third quarter of 2022 and expects the growth to continue in the forthcoming quarters....,https://www.entrepreneur.com/article/429873,2022-06-20T14:11:03Z,Microsoft Corporation (MSFT) has recently reported solid revenue growth across all its segments for the fiscal third quarter of 2022 and expects the growth to continue in the forthcoming quarters. In… [+6300 chars],microsoft corporation msft recently reported solid revenue growth across segment fiscal third quarter expects growth continue forthcoming quarter char,0.0,0.702,0.298
StockNews.com,Priyanka Mandal,4 WallStreetBets Stocks to Buy on the Dip,"Some of the names discussed on the subreddit WallStreetBets (WSB) continue to attract retail investors’ attention due to their strong upside potential. Frequently mentioned WSB stocks Microsoft (MSFT), International Business...",https://stocknews.com/news/msft-ibm-dow-on-4-wallstreetbets-stocks-to-buy-on-the-dip/,2022-02-01T15:58:58Z,Some of the names discussed on the subreddit WallStreetBets (WSB) continue to attract retail investors attention due to their strong upside potential. Frequently mentioned WSB stocks Microsoft (MSFT)… [+9316 chars],name discussed subreddit wallstreetbets wsb continue attract retail investor attention due strong upside potential frequently mentioned wsb stock microsoft msft char,0.0,0.766,0.234
Entrepreneur,Anushka Dutta,1 Big Tech Stock to Buy as It Looks to Rebound,"Software behemoth Microsoft’s (MSFT) shares plummeted this year amid the broader market sell-off. However, the stock seems to be rebounding. Moreover, given bullish Wall Street analysts’ sentiments around the stock,...",https://www.entrepreneur.com/article/432944,2022-08-08T13:15:41Z,"Software behemoth Microsoft's (MSFT) shares plummeted this year amid the broader market sell-off. However, the stock seems to be rebounding. Moreover, given bullish Wall Street analysts' sentiments a… [+4332 chars]",software behemoth microsofts msft share plummeted year amid broader market selloff however stock seems rebounding moreover given bullish wall street analyst sentiment char,0.0,0.909,0.091
Entrepreneur,Riddhima Chakraborty,"Is Avaya Holdings Stock, Once More Than $20, Worth Buying Under $1?","Avaya Holdings (AVYA) recently announced the expansion of its partnership with tech-giant Microsoft (MSFT), aiming to enhance its offerings. However, the stock is trading more than 95% below its 52-week...",https://www.entrepreneur.com/article/433864,2022-08-22T12:17:16Z,"Avaya Holdings (AVYA) recently announced the expansion of its partnership with tech-giant Microsoft (MSFT), aiming to enhance its offerings. However, the stock is trading more than 95% below its 52-w… [+4659 chars]",avaya holding avya recently announced expansion partnership techgiant microsoft msft aiming enhance offering however stock trading w char,0.0,1.0,0.0
StockNews.com,Kritika Sarmah,The 3 Best Blue-Chip Stocks to Buy During a Market Crash,"The Fed's hawkish stance to control inflation has given rise to recessionary fears. With the possibility of the stock market sell-off deepening, we think fundamentally strong blue-chip stocks Microsoft (MSFT),...",https://stocknews.com/news/msft-unh-dow-the-3-best-blue-chip-stocks-to-buy-during-a-market/,2022-10-04T13:12:43Z,"The Fed's hawkish stance to control inflation has given rise to recessionary fears. With the possibility of the stock market sell-off deepening, we think fundamentally strong blue-chip stocks Microso… [+8469 chars]",fed hawkish stance control inflation given rise recessionary fear possibility stock market selloff deepening think fundamentally strong bluechip stock microso char,0.125,0.745,0.129
Zacks.com,Tracey Ryniec,A Deep Dive into the Microsoft (MSFT) and Alphabet (GOOGL) Earnings Charts,Are Wall Street analysts bullish heading into these two key tech earnings reports?,http://www.zacks.com/stock/news/1816291/a-deep-dive-into-the-microsoft-msft-and-alphabet-googl-earnings-charts?cid=CS-ENTREPRENEUR-FT-video_blog-1816291,2021-10-25T22:39:00Z,"This is a big week for earnings with over 1000 companies expected to report, including many FANGMAN stocks and other popular growth stocks.
Lets be honest, most stock investors own some, or all, of … [+1988 chars]",big week earnings company expected report including many fangman stock popular growth stock let honest stock investor char,0.0,0.633,0.367
StockNews.com,Riddhima Chakraborty,MSFT vs. AMD: Which Big-Name Stock Is a Better Buy Right Now?,"Despite rampant macro headwinds, market optimism is rising ahead of New Year's. Benchmark indices have been gaining over the past week. Also, inflation expectations are improving, raising hopes that the...",https://stocknews.com/news/msft-amd-msft-vs-amd-which-big-name-stock-is-a-better-buy/,2022-12-27T12:44:41Z,"Despite rampant macro headwinds, market optimism is rising ahead of New Year's. Benchmark indices have been gaining over the past week. Also, inflation expectations are improving, raising hopes that … [+6267 chars]",despite rampant macro headwind market optimism rising ahead new year benchmark index gaining past week also inflation expectation improving raising hope char,0.0,0.6,0.4
Entrepreneur,Mangeet Kaur Bouns,Netflix to Partner With Microsoft. Which Makes the Better Investment?,"Streaming service giant Netflix (NFLX) recently announced a partnership with Microsoft (MSFT) for its new ad-supported subscription offering. While this partnership should bode well for both companies, which of these...",https://www.entrepreneur.com/article/431999,2022-07-22T19:28:57Z,Streaming service giant Netflix (NFLX) recently announced a partnership with Microsoft (MSFT) for its new ad-supported subscription offering. While this partnership should bode well for both companie… [+5561 chars],streaming service giant netflix nflx recently announced partnership microsoft msft new adsupported subscription offering partnership bode well companie char,0.0,0.896,0.104
Business Insider,Will Daniel,'Redmond delivers another cloud masterpiece': 4 Wall Street analysts on Microsoft's latest earnings report (MSFT),"Summary List PlacementMicrosoft reported its third-quarter earnings for fiscal 2021 on Tuesday after the closing bell. 
Shares of the Redmond, California-based tech giant fell as much as 3.5% after the report, despite support from analysts.
In the quarter, Mi…",https://markets.businessinsider.com/news/stocks/microsoft-q1-earnings-analysis-piper-sandler-wedbush-jpmorgan-goldman-2021-4-1030359285,2021-04-28T15:46:23Z,"Satya Nadella is the CEO of Microsoft
Sean Gallup: Getty Images
Microsoft reported its third-quarter earnings for fiscal 2021 on Tuesday after the closing bell. 
Shares of the Redmond, California-… [+4676 chars]",satya nadella ceo microsoft sean gallup getty image microsoft reported thirdquarter earnings fiscal tuesday closing bell share redmond california char,0.0,0.896,0.104
Business Insider,jsor@insider.com (Jennifer Sor),"Microsoft is the market's top software stock because OpenAI offerings like ChatGPT will juice profits over the next 5-plus years, Credit Suisse says","""Within US Software, MSFT is our Top Pick,"" Credit Suisse said. It expects the tech giant to add $40 billion in revenue in the coming years.",https://markets.businessinsider.com/news/stocks/microsoft-stock-price-prediction-chatgpt-ai-tech-artificial-intelligence-google-2023-3,2023-03-06T17:33:29Z,"Microsoft is the market's top software stock, thanks to its growing partnership with ChatGPT creator OpenAI, according to Credit Suisse.
""Within US Software, MSFT is our Top Pick,"" the bank's analys… [+2077 chars]",microsoft market top software stock thanks growing partnership chatgpt creator openai according credit suisse within u software msft top pick bank analys char,0.0,0.612,0.388
StockNews.com,Kritika Sarmah,2 Software Stocks to Buy in 2022 and Beyond,"Although the software industry has been struggling with several macroeconomic issues, the industry is expected to witness solid long-term growth. Spending in the sector is rising substantially. Hence investing in...",https://stocknews.com/news/msft-gddy-2-software-stocks-to-buy-in-2022-and-beyond/,2022-09-12T12:29:18Z,"Although the software industry has been struggling with several macroeconomic issues, the industry is expected to witness solid long-term growth. Spending in the sector is rising substantially. Hence… [+5306 chars]",although software industry struggling several macroeconomic issue industry expected witness solid longterm growth spending sector rising substantially hence char,0.122,0.696,0.183
StockNews.com,Mangeet Kaur Bouns,The Best Software Stock on Wall Street to Buy Now,"Software giant Microsoft (MSFT) reported outstanding third-quarter financials with solid revenue growth momentum. Moreover, analysts seem bullish about the company's growth prospects. Amid rapid digitalization across sectors, demand for its...",https://stocknews.com/news/msft-yext-vmw-dox-the-best-software-stock-on-wall-street-to-buy-now/,2023-01-17T12:46:43Z,"Software giant Microsoft (MSFT) reported outstanding third-quarter financials with solid revenue growth momentum. Moreover, analysts seem bullish about the company's growth prospects. Amid rapid digi… [+7071 chars]",software giant microsoft msft reported outstanding thirdquarter financials solid revenue growth momentum moreover analyst seem bullish company growth prospect amid rapid digi char,0.0,0.581,0.419
StockNews.com,Jaimini Desai,3 Dividend Growth Stocks to Buy During This Market Correction,"One characteristic of a high-quality stock is a consistent track record of hiking dividends. This indicates a strong business that can thrive in all types of economic conditions, and a...",https://stocknews.com/news/msft-cost-abbv-3-dividend-growth-stocks-to-buy-during-this-market-correction/,2022-03-21T13:14:05Z,"One characteristic of a high-quality stock is a consistent track record of hiking dividends. This indicates a strong business that can thrive in all types of economic conditions, and a management tea… [+7647 chars]",one characteristic highquality stock consistent track record hiking dividend indicates strong business thrive type economic condition management tea char,0.0,0.845,0.155
StockNews.com,Mangeet Kaur Bouns,3 Safe Stocks to Buy in an Unpredictable Market,"The Fed's intention to continue raising interest rates, disappointing economic data, and a weak earnings season could keep the stock market highly volatile. Hence, investing in quality stocks Microsoft (MSFT),...",https://stocknews.com/news/msft-jnj-nvs-3-safe-stocks-to-buy-in-an-unpredictable-market/,2023-01-26T14:07:41Z,"The Feds intention to continue raising interest rates, disappointing economic data, and a weak earnings season could keep the stock market highly volatile. Hence, investing in quality stocks Microsof… [+8471 chars]",fed intention continue raising interest rate disappointing economic data weak earnings season could keep stock market highly volatile hence investing quality stock microsof char,0.203,0.698,0.1
StockNews.com,Anushka Dutta,1 Tech Stock You Can Always Buy and Hold,"Despite the macroeconomic headwinds hitting the technology sector hard this year, Microsoft (MSFT) delivered improved financials. The company’s long dividend-paying history and consistent growth make the stock a must addition...",https://stocknews.com/news/msft-yext-1-tech-stock-you-can-always-buy-and-hold/,2022-12-30T15:09:37Z,"Despite the macroeconomic headwinds hitting the technology sector hard this year, Microsoft (MSFT) delivered improved financials. The companys long dividend-paying history and consistent growth make … [+4433 chars]",despite macroeconomic headwind hitting technology sector hard year microsoft msft delivered improved financials company long dividendpaying history consistent growth make char,0.056,0.717,0.227
StockNews.com,Sristi Suman Jayaswal,"Microsoft, Dell and 2 Other Tech Stocks to Buy in the New Year","Despite macroeconomic headwinds, the tech industry is poised to witness significant growth this year due to solid demand and long-term growth prospects. Hence, fundamentally strong tech stocks Microsoft (MSFT), Dell...",https://stocknews.com/news/msft-dell-caj-gddy-microsoft-dell-and-2-other-tech-stocks-to-buy-in/,2023-01-12T13:15:37Z,"Despite macroeconomic headwinds, the tech industry is poised to witness significant growth this year due to solid demand and long-term growth prospects. Hence, fundamentally strong tech stocks Micros… [+9991 chars]",despite macroeconomic headwind tech industry poised witness significant growth year due solid demand longterm growth prospect hence fundamentally strong tech stock micros char,0.046,0.46,0.494
Business Insider,Jeff Elder,"Microsoft poll finds businesses embraces 'zero trust' security in pandemic, but must cut cybersecurity costs (MSFT)","<ul>
<li>A new poll of 800 businesses found 94% embraced some aspect of a new approach to cybersecurity that constantly authenticates users. </li>
<li>But many also have run into funding challenges as they try to expand cybersecurity tools to protect remote w…",https://www.businessinsider.com/microsoft-poll-zero-trust-cybersecurity-pandemic-2020-8,2020-08-19T16:00:00Z,"Microsoft poll finds businesses embraces 'zero trust' security in pandemic, but must cut cybersecurity costs
The pandemic has created a challenging situation for many companies, wherein they simulta… [+2089 chars]",microsoft poll find business embrace zero trust security pandemic must cut cybersecurity cost pandemic created challenging situation many company wherein simulta char,0.071,0.539,0.391
Business Insider,Matthew DeBord,Mercedes and Microsoft have teamed up to develop virtual maintenance technology for the coronavirus age (MSFT),"Summary List Placement

 
Modern vehicle service centers are exceptionally clean when compared with the garages of yesteryear, and technicians spend so much time interacting with technology and computers that a mid-20th-century wrench-turner wouldn't recogniz…",https://www.businessinsider.com/mercedes-and-microsoft-team-up-for-virtual-car-maintenance-2020-9,2020-09-10T11:45:00Z,"Modern vehicle service centers are exceptionally clean when compared with the garages of yesteryear, and technicians spend so much time interacting with technology and computers that a mid-20th-centu… [+2255 chars]",modern vehicle service center exceptionally clean compared garage yesteryear technician spend much time interacting technology computer midthcentu char,0.0,0.85,0.15
Business Insider,Ben Gilbert,The most powerful next-gen Xbox console costs $500 and launches on November 10 (MSFT),"Summary List PlacementThis holiday season, Microsoft is launching two new, next-gen Xbox consoles: The Xbox Series S, and the Xbox Series X.
Both consoles are scheduled to arrive on November 10, and both are capable of playing next-gen Xbox games — but that's…",https://www.businessinsider.com/xbox-series-x-launch-date-and-price-2020-9,2020-09-09T18:48:46Z,"This holiday season, Microsoft is launching two new, next-gen Xbox consoles: The Xbox Series S, and the Xbox Series X.
Both consoles are scheduled to arrive on November 10, and both are capable of p… [+1958 chars]",holiday season microsoft launching two new nextgen xbox console xbox series xbox series x console scheduled arrive november capable p char,0.0,0.762,0.238
Business Insider,Ashley Stewart and Allana Akhtar,Microsoft is extending its remote-work policy to July 2021 'at the earliest' (MSFT),"Summary List Placement

Microsoft employees will be working remotely until at least July 2021, the company told employees on October 21. 
Based on consultation with ""health and data experts,"" Microsoft will extend the option for US employees to work remotely …",https://www.businessinsider.com/microsoft-extending-remote-work-to-july-2021-2020-10,2020-10-22T19:57:24Z,"Microsoft employees will be working remotely until at least July 2021, the company told employees on October 21. 
Based on consultation with ""health and data experts,"" Microsoft will extend the opti… [+1901 chars]",microsoft employee working remotely least july company told employee october based consultation health data expert microsoft extend opti char,0.0,0.914,0.086
Entrepreneur,Pragya Pandey,2 ESG Stocks to Buy and Hold in 2022,"Growing awareness of environmental and social issues has prompted investors to place a greater emphasis on stocks that meet environmental, social, and governance (ESG) criteria. So, we believe it would...",https://www.entrepreneur.com/article/433249,2022-08-11T15:11:56Z,"Growing awareness of environmental and social issues has prompted investors to place a greater emphasis on stocks that meet environmental, social, and governance (ESG) criteria. So, we believe it wou… [+5401 chars]",growing awareness environmental social issue prompted investor place greater emphasis stock meet environmental social governance esg criterion believe wou char,0.0,0.811,0.189
Business Insider,Ashley Stewart and Paige Leskin,Here's everything we do and don't know about Microsoft's bid to acquire TikTok so far (MSFT),"<ul>
<li>TikTok's parent company ByteDance is facing increased pressure to cut ties with the viral video app, as President Donald Trump has threatened to ban TikTok unless ByteDance divests.</li>
<li>Microsoft is in talks to buy TikTok's operations in the US,…",https://www.businessinsider.com/microsoft-tiktok-acquisition-trump-cfius-faq-2020-8,2020-08-05T16:32:50Z,The word is out: Microsoft is exploring a deal to viral video app TikTok's operations in several countries including the US as its Chinese parent company ByteDance faces increasing pressure from the … [+10389 chars],word microsoft exploring deal viral video app tiktoks operation several country including u chinese parent company bytedance face increasing pressure char,0.104,0.896,0.0
StockNews.com,David Cohne,The 3 Best SaaS Stocks to Buy for May,"The SaaS business model is becoming the norm for the software industry. While many SaaS stocks saw huge gains in 2020, this year we need to be more selective. Which is why David Cohne is recommending Salesforce.com (CRM), Microsoft (MSFT), and Adobe (ADBE) as…",https://stocknews.com/news/crm-msft-adbe-the-3-best-saas-stocks-to-buy-for-may/,2021-04-27T23:06:17Z,"April
27, 2021
6 min read
This story originally appeared on StockNewsThe SaaS business model is becoming the norm for the software industry. While many SaaS stocks saw huge gains in 2020, this yea… [+6947 chars]",april min read story originally appeared stocknewsthe saas business model becoming norm software industry many saas stock saw huge gain yea char,0.0,0.778,0.222
Microsoft.com,,MSFT Q2/2023 Earnings Release,Comments,https://www.microsoft.com/en-us/investor/earnings/fy-2023-q2/press-release-webcast,2023-01-24T21:03:49Z,"Microsoft Cloud Strength Drives Second Quarter Results
REDMOND, Wash. January 24, 2023  Microsoft Corp. today announced the following results for the quarter ended December 31, 2022, as compared to … [+32439 chars]",microsoft cloud strength drive second quarter result redmond wash january microsoft corp today announced following result quarter ended december compared char,0.0,0.862,0.138
StockNews.com,Sristi Suman Jayaswal,2 Stocks Trading at Massive Discounts Right Now,"The alarmingly high inflation and the consistent interest rate hikes by the Fed have caused immense pressure in the stock market, leading to certain fundamentally strong stocks declining considerably in...",https://stocknews.com/news/msft-xper-2-stocks-trading-at-massive-discounts-right-now/,2023-01-03T14:24:11Z,"The alarmingly high inflation and the consistent interest rate hikes by the Fed have caused immense pressure in the stock market, leading to certain fundamentally strong stocks declining considerably… [+7520 chars]",alarmingly high inflation consistent interest rate hike fed caused immense pressure stock market leading certain fundamentally strong stock declining considerably char,0.192,0.53,0.278
StockNews.com,Imon Ghosh,3 Work-from-Home Stocks that May Be Better than Zoom,"Popular stocks such as Microsoft, Adobe, and Dropbox, offer fast, secure, and highly-personalized platforms to support the remote working environment.",https://stocknews.com/news/msft-adbe-dbx-zm-3-work-from-home-stocks-that-are-better-than-zoom-video/,2021-02-16T18:59:25Z,"February
16, 2021
7 min read
This story originally appeared on StockNewsThanks to the COVID-19 pandemic-driven widespread transition to work-from-home and learn-from-home models, the adoption of Z… [+7980 chars]",february min read story originally appeared stocknewsthanks covid pandemicdriven widespread transition workfromhome learnfromhome model adoption z char,0.0,1.0,0.0
StockNews.com,Riddhima Chakraborty,3 Stocks You'll Never Regret Buying,"While concerns over the Fed's hawkish stance have kept the stock market under pressure, some analysts expect the market to rebound later this year and into 2023, following the trend...",https://stocknews.com/news/msft-unh-wmt-3-stocks-youll-never-regret-buying/,2022-09-07T14:44:31Z,"While concerns over the Feds hawkish stance have kept the stock market under pressure, some analysts expect the market to rebound later this year and into 2023, following the trend of mid-term electi… [+6556 chars]",concern fed hawkish stance kept stock market pressure analyst expect market rebound later year following trend midterm electi char,0.109,0.891,0.0
StockNews.com,Kritika Sarmah,3 Stocks to Buy Now for Stress-Free Returns in 2023,"With the central banks worldwide warning of higher interest rates in coming times, recessionary fears are rising among investors. Amid the uncertainties, we advise investors to invest in fundamentally strong...",https://stocknews.com/news/msft-musa-ayi-3-stocks-to-buy-now-for-stress-free-returns-in-2023/,2022-12-21T14:32:18Z,"With the central banks worldwide warning of higher interest rates in coming times, recessionary fears are rising among investors. Amid the uncertainties, we advise investors to invest in fundamentall… [+7710 chars]",central bank worldwide warning higher interest rate coming time recessionary fear rising among investor amid uncertainty advise investor invest fundamentall char,0.286,0.607,0.107
Business Insider,Rosalie Chan,"Microsoft and SAP are quietly pulling the plug on a key piece of their flagship cloud partnership (SAP, MSFT)","Summary List PlacementA key component of a well-publicized cloud partnership between SAP and Microsoft is quietly coming to an end this summer, highlighting how the fierce battle between the cloud giants can have ramifications for their software partners. 
In…",https://www.businessinsider.com/sap-microsoft-embrace-partnership-multicloud-sales-strategy-aws-google-2021-5,2021-05-20T21:26:15Z,"A key component of a well-publicized cloud partnership between SAP and Microsoft is quietly coming to an end this summer, highlighting how the fierce battle between the cloud giants can have ramifica… [+5617 chars]",key component wellpublicized cloud partnership sap microsoft quietly coming end summer highlighting fierce battle cloud giant ramifica char,0.133,0.867,0.0
StockNews.com,Riddhima Chakraborty,Looking for a Deal? 2 Stocks to Buy for a Bargain Right Now,"The Fed is expected to slow down its rate hike aggression amid positive inflation data expectations. Moreover, the U.S. consumer sentiment remains strong despite rampant macro headwinds. Amid the broader...",https://stocknews.com/news/msft-tsm-looking-for-a-deal-2-stocks-to-buy-for-a/,2022-12-13T13:37:13Z,"The Fed is expected to slow down its rate hike aggression amid positive inflation data expectations. Moreover, the U.S. consumer sentiment remains strong despite rampant macro headwinds. Amid the bro… [+5975 chars]",fed expected slow rate hike aggression amid positive inflation data expectation moreover u consumer sentiment remains strong despite rampant macro headwind amid bro char,0.076,0.687,0.237
Zacks.com,Daniel Laboe,Every Cloud Transformation Has A Silver Lining: An Overlooked Tech Play,"OneSpan (OSPN) is a leading cybersecurity enterprise trusted by 60% of the world's top 100 banks but is currently in that awkward transformation phase to the cloud, catalyzing adverse price...",http://www.zacks.com/stock/news/1807908/every-cloud-transformation-has-a-silver-lining-an-overlooked-tech-play?cid=CS-ENTREPRENEUR-FT-video_blog-1807908,2021-10-07T18:28:00Z,OneSpan OSPN is a leading cybersecurity enterprise trusted by 60% of the world's top 100 banks but is currently in that awkward transformation phase to the cloud. This is an expensive but necessary p… [+2673 chars],onespan ospn leading cybersecurity enterprise trusted world top bank currently awkward transformation phase cloud expensive necessary p char,0.078,0.683,0.239
Business Insider,Will Daniel,"Apple, Microsoft, and Nuance Communications are the top 3 tech stocks heading into earnings season, Wedbush says (AAPL, MSFT, NUAN)","Summary List PlacementApple, Microsoft, and Nuance Communications are the top three tech buys heading into earnings season, according to Wedbush.
In a note to clients on Wednesday, analyst Dan Ives said that he believes tech stocks have ""an upward 25%-30% mov…",https://markets.businessinsider.com/news/stocks/apple-microsoft-nuance-communications-top-3-tech-stocks-earnings-wedbush-2021-4-1030281706,2021-04-07T13:38:53Z,"Reuters / Brendan McDermid
Apple, Microsoft, and Nuance Communications are the top three tech buys heading into earnings season, according to Wedbush.
In a note to clients on Wednesday, analyst Dan… [+2268 chars]",reuters brendan mcdermid apple microsoft nuance communication top three tech buy heading earnings season according wedbush note client wednesday analyst dan char,0.0,0.921,0.079
StockNews.com,Dipanjan Banchur,3 Top ESG to Buy in 2022,"Growing awareness of environmental and social issues has caused investors to focus more on stocks that score highly on environmental, social, and governance (ESG) criteria. Given this, we think it...",https://stocknews.com/news/msft-googl-intc-3-top-esg-to-buy-in-2022/,2022-01-21T13:39:33Z,"Growing awareness of environmental and social issues has caused investors to focus more on stocks that score highly on environmental, social, and governance (ESG) criteria. Given this, we think it co… [+6863 chars]",growing awareness environmental social issue caused investor focus stock score highly environmental social governance esg criterion given think co char,0.0,0.918,0.082
CNN,"Rishi Iyengar, CNN Business",Amazon is delaying its return to office until 2022,"Amazon on Thursday pushed back its office return date until early next year amid a surge in Covid-19 cases from the Delta variant, making it one of the most significant delays yet in the tech industry.",https://www.cnn.com/2021/08/05/tech/amazon-office-return-reopening-delay/index.html,2021-08-05T19:20:19Z,"(CNN Business)Amazon on Thursday pushed back its office return date until early next year amid a surge in Covid-19 cases from the Delta variant, making it one of the most significant delays yet in th… [+1507 chars]",cnn businessamazon thursday pushed back office return date early next year amid surge covid case delta variant making one significant delay yet th char,0.088,0.843,0.069
StockNews.com,Malaika Alphonsus,2 Smart Tech Stocks to Buy in 2023 and Beyond,"After the brutal sell-off last year due to the Fed’s aggressive interest rate hikes, the tech industry is well-positioned for growth in the long term due to the solid demand...",https://stocknews.com/news/msft-caj-2-smart-tech-stocks-to-buy-in-2023-and-beyond/,2023-01-19T14:09:28Z,"After the brutal sell-off last year due to the Feds aggressive interest rate hikes, the tech industry is well-positioned for growth in the long term due to the solid demand for smart tech solutions. … [+5638 chars]",brutal selloff last year due fed aggressive interest rate hike tech industry wellpositioned growth long term due solid demand smart tech solution char,0.209,0.436,0.355
Entrepreneur,Mangeet Kaur Bouns,"1 Robinhood Stock to Buy, 1 to Hold and 1 to Sell","Famous brokerage firm Robinhood (HOOD) attracts traders by offering commission-free trading services. Its trading app created massive buzz on Wall Street during the height of the pandemic, and stocks traded...",https://www.entrepreneur.com/article/433160,2022-08-10T12:04:26Z,"Famous brokerage firm Robinhood (HOOD) attracts traders by offering commission-free trading services. Its trading app created massive buzz on Wall Street during the height of the pandemic, and stocks… [+9924 chars]",famous brokerage firm robinhood hood attracts trader offering commissionfree trading service trading app created massive buzz wall street height pandemic stock char,0.0,0.81,0.19
Business Insider,Ben Gilbert,"Microsoft will reportedly allow employees to work from home permanently, the latest tech giant to do so (MSFT)","Summary List Placement

Even when stay-at-home measures for the coronavirus pandemic are lifted, Microsoft employees won't be required to come back to the office.
According to an internal Microsoft memo obtained by The Verge, Microsoft employees will be allow…",https://www.businessinsider.com/microsoft-employess-to-work-from-home-permanently-2020-10,2020-10-09T12:48:19Z,"Even when stay-at-home measures for the coronavirus pandemic are lifted, Microsoft employees won't be required to come back to the office.
According to an internal Microsoft memo obtained by The Ver… [+486 chars]",even stayathome measure coronavirus pandemic lifted microsoft employee wont required come back office according internal microsoft memo obtained ver char,0.0,1.0,0.0
Business Insider,Annabelle Williams,"Slack says Microsoft's CEO claiming credit for the app's success is 'as silly as it is irrelevant' (MSFT, WORK)","Summary List PlacementA vice president at Slack had a fiery response to comments from Microsoft CEO Satya Nadella claiming partial credit for the messaging app's success.
In the interview with Bloomberg Television published on Wednesday, Nadella cited Microso…",https://www.businessinsider.com/slack-responds-microsoft-ceo-nadella-comment-on-success-2021-2,2021-02-10T21:49:04Z,"A vice president at 
 Slack had a fiery response to comments from Microsoft CEO Satya Nadella claiming partial credit for the messaging app's success.
In the interview with Bloomberg Television pub… [+1544 chars]",vice president slack fiery response comment microsoft ceo satya nadella claiming partial credit messaging apps success interview bloomberg television pub char,0.09,0.674,0.236
Business Insider,Allana Akhtar,Microsoft says it's halting all political donations until after it assesses the 'implications of last week's events' (MSFT),"Summary List PlacementLess than a week after a right-wing mob stormed the US Capitol, Microsoft announced a suspension of political donations for at least one fiscal quarter. 
""Microsoft's political action committee decided last Friday that it will not make a…",https://www.businessinsider.com/microsoft-to-halt-all-political-donations-after-capitol-siege-2021-1,2021-01-11T17:33:27Z,"Less than a week after a right-wing mob stormed the US Capitol, Microsoft announced a suspension of political donations for at least one fiscal quarter. 
""Microsoft's political action committee deci… [+1294 chars]",le week rightwing mob stormed u capitol microsoft announced suspension political donation least one fiscal quarter microsofts political action committee deci char,0.0,1.0,0.0
Zacks.com,Sanghamitra Saha,ETFs to Buy as Microsoft at Record High on Office 365 Price Hike,Microsoft hit a record high of $305.85 on Aug 23.,http://www.zacks.com/stock/news/1786117/etfs-to-buy-as-microsoft-at-record-high-on-office-365-price-hike?cid=CS-ENTREPRENEUR-FT-etf_news_and_commentary-1786117,2021-08-24T17:00:00Z,"August
24, 2021
5 min read
This story originally appeared on ZacksMicrosoft MSFT hit a record high of $305.85 on Aug 23. The company’s decision to raise the price of certain Office 365 productivit… [+5099 chars]",august min read story originally appeared zacksmicrosoft msft hit record high aug company decision raise price certain office productivit char,0.0,0.9,0.1
StockNews.com,Mangeet Kaur Bouns,These Are the 3 Best Stocks on Wall Street to Buy and Watch Now,"Although inflation moderated for the sixth consecutive month in December, a recession is still likely as the Fed is expected to keep raising rates this year. Amid an uncertain economic...",https://stocknews.com/news/msft-pfe-t-these-are-the-3-best-stocks-on-wall-street-to/,2023-01-18T13:04:41Z,"Although inflation moderated for the sixth consecutive month in December, a recession is still likely as the Fed is expected to keep raising rates this year. Amid an uncertain economic backdrop, fund… [+9671 chars]",although inflation moderated sixth consecutive month december recession still likely fed expected keep raising rate year amid uncertain economic backdrop fund char,0.2,0.8,0.0
Business Insider,Ashley Stewart and Rosalie Chan,"These are the best strategies to cut cloud computing costs during the pandemic, according to experts (MSFT, AMZN, GOOG)","<ul>
<li>Companies looking to save money in the current environment of economic uncertainty should take a closer look at their cloud computing spending, experts told Business Insider.</li>
<li>As much as 35 percent of cloud spending is wasted as companies pay…",https://www.businessinsider.com/how-to-cut-cloud-computing-costs-experts-2020-6,2020-07-01T16:04:12Z,"As companies look for ways to cut costs to weather the economic crisis caused by the pandemic, experts say that a reevaluation of their cloud computing spending is a prime opportunity to save money.… [+9123 chars]",company look way cut cost weather economic crisis caused pandemic expert say reevaluation cloud computing spending prime opportunity save money char,0.212,0.582,0.205
StockNews.com,Riddhima Chakraborty,3 SaaS Stocks to Add to Your 2022 Watchlist,"The demand for software-as-a-service (SaaS) is anticipated to see a manifold increase with the continuation of hybrid working and digital transformation. Therefore, we think it could be wise to add...",https://stocknews.com/news/msft-intu-dbx-3-saas-stocks-to-add-to-your-2022-watchlist/,2021-12-28T14:23:56Z,"The demand for software-as-a-service (SaaS) is anticipated to see a manifold increase with the continuation of hybrid working and digital transformation. Therefore, we think it could be wise to add q… [+6926 chars]",demand softwareasaservice saas anticipated see manifold increase continuation hybrid working digital transformation therefore think could wise add q char,0.068,0.685,0.247
ReadWrite,Sam Shedden,Microsoft earnings call: What can we expect from MSFT’s Q2 report,"Microsoft (MSFT) is set to report its second-quarter earnings for the 2024 fiscal year after the market closes today (Jan […]
The post Microsoft earnings call: What can we expect from MSFT’s Q2 report appeared first on ReadWrite.",https://readwrite.com/microsoft-earnings-call-what-can-we-expect-from-msfts-q2-report/,2024-01-30T10:24:43Z,"Microsoft (MSFT) is set to report its fiscal second quarter 2023 earnings after the market closes on today (Jan 30).
Analysts expect the world’s most valuable company to post strong results across i… [+2404 chars]",microsoft msft set report fiscal second quarter earnings market close today jan analyst expect world valuable company post strong result across char,0.0,0.758,0.242
Business Insider,Ben Gilbert,"With a next-gen Xbox just months away, Microsoft ends production on 2 major Xbox models (MSFT)","<ul>
<li>With the next-generation Xbox game console scheduled to arrive this holiday season, Microsoft is paring down its portfolio of Xbox consoles in production.</li>
<li>The Xbox One X and the Xbox One S All Digital Edition are both being phased out, with …",https://www.businessinsider.com/xbox-ends-production-digital-xbox-series-x-2020-7,2020-07-16T18:57:50Z,"This holiday season, both Sony and Microsoft plan to launch new, next-generation versions of the PlayStation and the Xbox.
Goodbye, PlayStation 4 and Xbox One! Hello, PlayStation 5 and Xbox Series X… [+1338 chars]",holiday season sony microsoft plan launch new nextgeneration version playstation xbox goodbye playstation xbox one hello playstation xbox series x char,0.0,0.876,0.124
Business Insider,Ashley Stewart,"Microsoft paid at least $270 million in stock for telecom software startup Metaswitch Networks, filing shows (MSFT)","<ul>
<li>Microsoft paid at least $270 million in stock to acquire Metaswitch Networks, a London-based startup that provides software for telecommunications companies.</li>
<li>The company in a recent filing disclosed it paid the stock as a ""portion"" of the tr…",https://www.businessinsider.com/microsoft-metaswitch-affirmed-networks-acquisition-5g-telecom-2020-7,2020-07-28T19:12:47Z,"Microsoft paid at least $270 million in stock to acquire cloud-based communications software startup Metaswitch Networks, according to a recent filing — showing the company's strategy to compete with… [+2220 chars]",microsoft paid least million stock acquire cloudbased communication software startup metaswitch network according recent filing showing company strategy compete char,0.0,1.0,0.0
Microsiervos.com,alvy@microsiervos.com (Alvy),MSFT > AAPL,"Microsoft vs. Apple en una gráfica generada con YCharts / @StockMKTNewz

Microsoft ya tiene una mayor capitalización bursátil que Apple, algo que poca gente hubiera predicho hace unos pocos años. El market cap de ambas –el valor de sus acciones multiplicado p…",https://www.microsiervos.com/archivo/economia/microsoft-mayor-capitalizacion-bursatil-apple.html,2024-01-11T18:31:36Z,"Por @Alvy 11 de Enero de 2024
Apple"" title=""Microsoft &gt; Apple"" /&gt;Microsoft vs. Apple en una gráfica generada con YCharts / @StockMKTNewz
Microsoft ya tiene una mayor capitalización bursátil q… [+695 chars]",por alvy de enero de apple titlemicrosoft gt apple gtmicrosoft v apple en una grfica generada con ycharts stockmktnewz microsoft ya tiene una mayor capitalizacin burstil q char,0.0,0.923,0.077
StockNews.com,Jaimini Desai,3 GARP Stocks to Buy on the Dip,"The bear market has been brutal, but one silver lining is the opportunity to scoop up high-quality stocks at a discount. Growth at a reasonable price (GARP) is one strategy...",https://stocknews.com/news/msft-veev-expe-3-garp-stocks-to-buy-on-the-dip/,2022-09-26T12:43:24Z,"The bear market has been brutal, but one silver lining is the opportunity to scoop up high-quality stocks at a discount. Growth at a reasonable price (GARP) is one strategy to identify such stocks. M… [+6944 chars]",bear market brutal one silver lining opportunity scoop highquality stock discount growth reasonable price garp one strategy identify stock char,0.151,0.59,0.258
StockNews.com,Manisha Chatterjee,3 Buy-Rated Software Stocks Surging to New All-Time Highs,"As the spread of the Delta variant leads to increasing COVID-19 cases in several parts of the world, the software industry should witness rising deman...",https://stocknews.com/news/msft-adbe-cdns-3-buy-rated-software-stocks-surging-to-new-all-time-highs/,2021-08-27T15:04:21Z,"August
27, 2021
7 min read
This story originally appeared on StockNews
As the spread of the Delta variant leads to increasing COVID-19 cases in several parts of the world, the software industry s… [+8768 chars]",august min read story originally appeared stocknews spread delta variant lead increasing covid case several part world software industry char,0.0,1.0,0.0
MarketBeat,Keala Miles,Okta Inc Celebrates Earnings Beat But Can They Sustain the Boost?,Okta is struggling but a recent earnings beat has boosted expectations.  Can they maintain this momentum and get out of the red?,https://www.marketbeat.com/originals/okta-inc-celebrates-earnings-beat-but-can-they-sustain-the-boost/,2022-12-02T17:00:00Z,"After releasing an earnings report that beat analyst estimates, Okta Inc (NASDAQ: OKTA) share value shot up significantly. While not all the data was impressive, share volume still cranked up to 20.3… [+4864 chars]",releasing earnings report beat analyst estimate okta inc nasdaq okta share value shot significantly data impressive share volume still cranked char,0.0,0.627,0.373
Zacks.com,Zacks Equity Research,Why This 1 Computer and Technology Stock Could Be a Great Addition to Your Portfolio,"Wondering how to pick strong, market-beating stocks for your investment portfolio? Look no further than the Zacks Focus List.",http://www.zacks.com/stock/news/1806983/why-this-1-computer-and-technology-stock-could-be-a-great-addition-to-your-portfolio?cid=CS-ENTREPRENEUR-FT-tale_of_the_tape|zacks_education_focus_list-1806983,2021-10-06T19:33:00Z,"Here at Zacks, we offer our members many different opportunities to take full advantage of the stock market, as well as how to invest in ways that lead to long-term success.
The Zacks Premium servic… [+5805 chars]",zacks offer member many different opportunity take full advantage stock market well invest way lead longterm success zacks premium servic char,0.0,0.616,0.384
Barron's,Connor Smith,Microsoft Says Call of Duty Is Staying on PlayStation. Activision Stock Rose. - Barron's,"<ol><li>Microsoft Says Call of Duty Is Staying on PlayStation. Activision Stock Rose.  Barron's
</li><li>Xbox Makes a Decision on Call of Duty Exclusivity - IGN Daily Fix  IGN
</li><li>Microsoft Confirms Plans For Activision Blizzard Games On PlayStation, N…",https://www.barrons.com/articles/microsoft-activision-xbox-ps5-51644449435,2022-02-09T23:31:00Z,Microsoft President Brad Smith confirmed the firm is committed to releasing Call of Duty games on rival Sony Groups platforms if regulators approved its acquisition of Activision Blizzard. Following … [+308 chars],microsoft president brad smith confirmed firm committed releasing call duty game rival sony group platform regulator approved acquisition activision blizzard following char,0.0,0.803,0.197
Zacks.com,Tracey Ryniec,Are Stocks in a Bubble?,"Tesla's shares are up 1367% over the last 2 years. In 2000, QUALCOMM's 2-year return was 2216%..",http://www.zacks.com/stock/news/1829097/are-stocks-in-a-bubble?cid=CS-ENTREPRENEUR-FT-market_edge-1829097,2021-11-17T19:11:00Z,<ul><li>(0:45) - Breaking Down The Stock Market Performance: Are We In A Bubble Market?</li><li>(7:30) - Learning From The Dot-com Boom</li><li>(17:00) - The Phases Of A Bubble: What Could Push Us Ov… [+4041 chars],ulli breaking stock market performance bubble marketlili learning dotcom boomlili phase bubble could push u ov char,0.0,1.0,0.0
StockNews.com,Anushka Dutta,5 Large-Cap Stocks to Buy Amid the Nasdaq’s Bear Market,"The stock market indices are regaining their lost ground, somewhat. However, the tech-heavy Nasdaq Composite remains in a bear market. Hence, we think the large-cap stocks of Comcast (CMCSA), Regeneron...",https://stocknews.com/news/cmcsa-regn-msft-pep-sny-5-large-cap-stocks-to-buy-amid-the-nasdaqs-bear-market/,2022-05-26T18:06:05Z,"The stock market indices are regaining their lost ground, somewhat. However, the tech-heavy Nasdaq Composite remains in a bear market. Hence, we think the large-cap stocks of Comcast (CMCSA), Regener… [+11510 chars]",stock market index regaining lost ground somewhat however techheavy nasdaq composite remains bear market hence think largecap stock comcast cmcsa regener char,0.099,0.901,0.0
CNN,"By Ellie Kaufman and Zachary Cohen, CNN",Pentagon cancels $10B cloud contract given to Microsoft over Amazon,The Department of Defense is canceling a controversial $10 billion cloud computing contract that had been awarded to Microsoft over Amazon under the Trump administration.,https://www.cnn.com/2021/07/06/tech/defense-department-cancels-jedi-contract-amazon-microsoft/index.html,2021-07-06T17:56:05Z,"The Department of Defense is canceling a controversial $10 billion cloud computing contract that had been awarded to Microsoft
(MSFT) over Amazon
(AMZN) under the Trump administration. 
The depart… [+2563 chars]",department defense canceling controversial billion cloud computing contract awarded microsoft msft amazon amzn trump administration depart char,0.087,0.628,0.285
Zacks.com,Neena Mishra,"Big Tech, Tesla & An ETF to Invest in Disruption",Tech guru Gene Munster discusses the outlook for tech companies & LOUP ETF.,http://www.zacks.com/stock/news/1823810/big-tech-tesla-an-etf-to-invest-in-disruption?cid=CS-ENTREPRENEUR-FT-etf_spotlight-1823810,2021-11-04T20:30:00Z,<ul><li>(1:00) - Breaking Down Big Tech Earnings: Who Was The Big Winner?</li><li>(7:45) - Is Tesla On The Way To A $2.5 Trillion Dollar Valuation?</li><li>(11:50) - Who Stands To Benefit The Most Fr… [+2508 chars],ulli breaking big tech earnings big winnerlili tesla way trillion dollar valuationlili stand benefit fr char,0.0,0.833,0.167
StockNews.com,Kritika Sarmah,Coca-Cola and 3 Other High-Quality Stocks to Buy This December,Recent positive economic data indicate that the U.S. economy is not cooling despite the Fed’s aggressive monetary policy since March. This could prompt the Fed to continue its supersized rate...,https://stocknews.com/news/msft-ko-kr-osg-coca-cola-and-3-other-high-quality-stocks-to-buy-this-december/,2022-12-06T14:05:29Z,Recent positive economic data indicate that the U.S. economy is not cooling despite the Feds aggressive monetary policy since March. This could prompt the Fed to continue its supersized rate hikes in… [+11094 chars],recent positive economic data indicate u economy cooling despite fed aggressive monetary policy since march could prompt fed continue supersized rate hike char,0.0,0.799,0.201
CNN,"David Goldman, CNN Business",Microsoft removed 'Tank Man' images on Tiananmen Square's anniversary,"Microsoft blocked images and videos around the world of ""Tank Man,"" the unidentified protester during China's brutal crackdown on pro-democracy demonstrations in Beijing's Tiananmen Square on June 4, 1989.",https://www.cnn.com/2021/06/06/tech/tank-man-tiananmen-square-microsoft/index.html,2021-06-06T15:48:39Z,"New York (CNN Business)Microsoft blocked images and videos around the world of ""Tank Man,"" the unidentified protester during China's brutal crackdown on pro-democracy demonstrations in Beijing's Tian… [+2478 chars]",new york cnn businessmicrosoft blocked image video around world tank man unidentified protester china brutal crackdown prodemocracy demonstration beijing tian char,0.242,0.703,0.055
Business Insider,Will Daniel,"A Jefferies analyst says there's a 'tech buyers' strike' going on — but thinks these 4 tech stocks will still outperform (MSFT, ADBE, WIX, INTU)","Summary List PlacementBrent Thill, Jefferies senior tech analyst and managing director, sat down with CNBC on Wednesday to discuss the recent pullback in tech shares.
The analyst said that there has been an ongoing ""tech buyers' strike"" and that he has reduce…",https://www.businessinsider.com/jefferies-tech-buyers-strike-names-4-stocks-outperform-in-sector-2021-5,2021-05-20T14:19:11Z,"Brent Thill, Jefferies senior tech analyst and managing director, sat down with CNBC on Wednesday to discuss the recent pullback in tech shares.
The analyst said that there has been an ongoing ""tech… [+3281 chars]",brent thill jefferies senior tech analyst managing director sat cnbc wednesday discus recent pullback tech share analyst said ongoing tech char,0.0,0.901,0.099
CNN,"Paul R. La Monica, CNN Business","Elon Musk, Bill Gates and Janet Yellen are sending bitcoin tumbling","Bitcoin's roller coaster ride continues. The top cryptocurrency surged to a new all-time high above $58,000 on Sunday but fell to just above $46,000 in early trading Tuesday morning.",https://www.cnn.com/2021/02/23/investing/bitcoin-prices-fall-yellen-gates/index.html,2021-02-23T14:50:21Z,"New York (CNN Business)Bitcoin's roller coaster ride continues. The top cryptocurrency surged to a new all-time high above $58,000 on Sunday but fell to just above $46,000 in early trading Tuesday mo… [+2159 chars]",new york cnn businessbitcoins roller coaster ride continues top cryptocurrency surged new alltime high sunday fell early trading tuesday mo char,0.0,0.917,0.083
CNN,"Anneken Tappe, CNN Business",Next week's earnings could boost tech stocks once again,"Investors are getting ready to reposition their portfolios for the post-pandemic world. That means moving money out of big tech, which did amazingly well in the work-from-home economy, and into more cyclical sectors, like manufacturing.",https://www.cnn.com/2021/04/24/investing/tech-earnings-google-apple-amazon/index.html,2021-04-24T19:04:24Z,"New York (CNN Business)Investors are getting ready to reposition their portfolios for the post-pandemic world. That means moving money out of big tech, which did amazingly well in the work-from-home … [+2394 chars]",new york cnn businessinvestors getting ready reposition portfolio postpandemic world mean moving money big tech amazingly well workfromhome char,0.0,0.777,0.223
Yahoo Entertainment,,"Microsoft second company to crack $2T valuation, after Apple","Find the latest Microsoft Corporation (MSFT) stock quote, history, news and other vital information to help you with your stock trading and investing.",https://finance.yahoo.com/quote/MSFT/,2021-06-24T18:02:16Z,(Bloomberg) -- Microsoft Corp. debuted a significant overhaul of its Windows operating system one of the biggest changes to its mainstay personal-computer software in a decade with a design that uses… [+295 chars],bloomberg microsoft corp debuted significant overhaul window operating system one biggest change mainstay personalcomputer software decade design us char,0.0,0.909,0.091
Business Insider,Ashley Stewart,Top Microsoft executives have been quietly building the case for why it might want to buy Discord for $10 billion or more (MSFT),"Summary List PlacementMicrosoft is said to be in exclusive talks to acquire online group chat platform Discord for $10 billion or more, in a deal that could be announced as soon as April.
The company has yet to confirm a pending deal, but recent comments from…",https://www.businessinsider.com/microsoft-ceo-satya-nadella-phil-spencer-discord-strategy-creators-2021-3,2021-03-27T13:25:00Z,"Microsoft is said to be in exclusive talks to acquire online group chat platform Discord for $10 billion or more, in a deal that could be announced as soon as April.
The company has yet to confirm a… [+4979 chars]",microsoft said exclusive talk acquire online group chat platform discord billion deal could announced soon april company yet confirm char,0.122,0.811,0.068
Business Insider,Rosalie Chan,"Facebook, Microsoft, Google and Amazon are snapping up experts in the Rust programming language months after Mozilla laid them off (FB, AMZN, GOOG, GOOGL, MSFT)","Summary List PlacementOver the last few months, programmers specializing in the Rust language have flocked to tech titans including Amazon, Facebook, Microsoft, and Google.
That talent will go to work on new teams dedicated to building with Rust, which has ri…",https://www.businessinsider.com/facebook-amazon-microsoft-rust-mozilla-layoffs-2021-1,2021-01-14T22:24:43Z,"Over the last few months, programmers specializing in the Rust language have flocked to tech titans including Amazon, Facebook, Microsoft, and Google.
That talent will go to work on new teams dedica… [+6283 chars]",last month programmer specializing rust language flocked tech titan including amazon facebook microsoft google talent go work new team dedica char,0.0,0.809,0.191
Slashdot.org,msmash,"Meta's New Rule: If Your Political Ad Uses AI Trickery, You Must Confess","Press2ToContinue writes: Starting next year, Meta will play the role of a strict schoolteacher for political ads, making them fess up if they've used AI to tweak images or sounds. This new 'honesty policy' will kick in worldwide on Facebook and Instagram, aim…",https://tech.slashdot.org/story/23/11/09/0531202/metas-new-rule-if-your-political-ad-uses-ai-trickery-you-must-confess,2023-11-13T15:20:00Z,"So if you have the backing of big corporation like MSFT or META, or Soros, or Peter Thiel to spend on high production value advertising, you can make whatever you want, say whatever you want.
If you… [+251 chars]",backing big corporation like msft meta soros peter thiel spend high production value advertising make whatever want say whatever want char,0.0,0.65,0.35
Benzinga,Anusuya Lahiri,Microsoft To Willfully Recognize Its First Unionization Of Videogame Testers - Microsoft (NASDAQ:MSFT) - Benzinga,"<ol><li>Microsoft To Willfully Recognize Its First Unionization Of Videogame Testers - Microsoft (NASDAQ:MSFT)  Benzinga
</li><li>Microsoft, ZeniMax Media QA workers voting in union election  Polygon
</li><li>Bethesda QA workers are forming a union of their…",https://www.benzinga.com/government/22/12/29968939/microsoft-to-willfully-recognize-its-first-unionization-of-videogame-testers,2022-12-06T12:51:41Z,<ul><li>Microsoft Corp MSFT looked to voluntarily acknowledge a union of 300 videogame testers at subsidiary ZeniMax Studios if they vote to unionize.</li><li>It marked a first for the company in the… [+1484 chars],ullimicrosoft corp msft looked voluntarily acknowledge union videogame tester subsidiary zenimax studio vote unionizeliliit marked first company char,0.0,1.0,0.0
Business Insider,Jeff Elder,"A Microsoft study shows that stress is causing workers to make mistakes that leave their companies' data vulnerable, but confronting them can make things worse (MSFT)","Summary List PlacementEmployees exhausted after a year of remote work are making mistakes that expose company data, and how employers address that ""insider risk"" can be a combustible managerial dilemma, new research from Microsoft and Carnegie Mellon Universi…",https://www.businessinsider.com/insider-risk-microsoft-carnegie-mellon-confronting-exhausted-workers-research-2021-5,2021-05-18T19:57:45Z,"Employees exhausted after a year of remote work are making mistakes that expose company data, and how employers address that ""insider risk"" can be a combustible managerial dilemma, new research from … [+5218 chars]",employee exhausted year remote work making mistake expose company data employer address insider risk combustible managerial dilemma new research char,0.407,0.593,0.0
Zacks.com,Neena Mishra,VOTE: ESG Activism in an ETF,We discuss how ETF investors can participate in shareholder activism.,http://www.zacks.com/stock/news/1827226/vote-esg-activism-in-an-etf?cid=CS-ENTREPRENEUR-FT-etf_spotlight-1827226,2021-11-11T21:57:00Z,<ul><li>(1:00) - Engine No. 1 and the Exxon Campaign</li><li>(7:15) - Engine No. 1 Transform 500 ETF: VOTE</li><li>(16:00) - How Does VOTE Fit Into Your Portfolio vs. Other ESG Investments</li><li>(2… [+1994 chars],ulli engine exxon campaignlili engine transform etf votelili vote fit portfolio v esg investmentslili char,0.0,0.839,0.161
StockNews.com,Jaimini Desai,3 No-Brainer Stocks to Buy During the Bear Market,"The stock market is decisively in bear market territory and is now flirting with new, 2022 lows. Clearly, there remains a considerable amount of risk especially in the near-term due...",https://stocknews.com/news/v-msft-googl-3-no-brainer-stocks-to-buy-during-the-bear-market/,2022-10-01T16:41:47Z,"The stock market is decisively in bear market territory and is now flirting with new, 2022 lows. Clearly, there remains a considerable amount of risk especially in the near-term due to the combinatio… [+6192 chars]",stock market decisively bear market territory flirting new low clearly remains considerable amount risk especially nearterm due combinatio char,0.177,0.633,0.19
Business Insider,Ben Gilbert,"People are flying virtual planes into Hurricane Laura in the latest version of the classic game 'Microsoft Flight Simulator,' which simulates real-world weather patterns (MSFT)","<ul>
<li>As Hurricane Laura touched down on the Gulf Coast, some players of ""Microsoft Flight Simulator"" took virtual planes directly through it to see how the weather pattern moved. </li>
<li>Stunning images, captured by players, offer a fascinating look ins…",https://www.businessinsider.com/hurricane-laura-microsoft-flight-simulator-players-flying-planes-into-storm-2020-8,2020-08-28T16:52:12Z,"Ever wanted to see inside the eye of a hurricane from 10,000 feet in the air?
A new update to the classic game ""Microsoft Flight Simulator"" uses real-time imaging to simulate weather patterns all ov… [+1379 chars]",ever wanted see inside eye hurricane foot air new update classic game microsoft flight simulator us realtime imaging simulate weather pattern ov char,0.0,1.0,0.0
Business Insider,Mary Meisenzahl,Microsoft teamed up with a nonprofit using autonomous 'interceptor' boats to clean up the ocean and is helping it identify trash with machine learning (MSFT),"Summary List Placement

Cleaning up the oceans is a huge undertaking, especially for a single nonprofit based out of the Netherlands, but having Microsoft on your side is a nice bonus.
Boyan Slat launched The Ocean Cleanup nonprofit in 2013, with the goal of …",https://www.businessinsider.com/microsoft-machine-learning-for-the-ocean-cleanup-project-2020-10,2020-10-18T12:17:00Z,"Cleaning up the oceans is a huge undertaking, especially for a single nonprofit based out of the Netherlands, but having Microsoft on your side is a nice bonus.
Boyan Slat launched The Ocean Cleanup… [+623 chars]",cleaning ocean huge undertaking especially single nonprofit based netherlands microsoft side nice bonus boyan slat launched ocean cleanup char,0.0,0.598,0.402
Business Insider,Ashley Stewart,Microsoft CEO Satya Nadella suggests that LinkedIn Stories could be a new way for the tech titan to reach the 'younger population' (MSFT),"Summary List PlacementMicrosoft CEO Satya Nadella said the company is exploring new ways to engage a younger audience on LinkedIn, including through the recent launch of LinkedIn Stories, similar to the disappearing photo and video format popular on Snapchat …",https://www.businessinsider.com/microsoft-linkedin-satya-nadella-younger-users-2020-12,2020-12-02T22:04:49Z,"Microsoft CEO Satya Nadella said the company is exploring new ways to engage a younger audience on LinkedIn, including through the recent launch of LinkedIn Stories, similar to the disappearing photo… [+2281 chars]",microsoft ceo satya nadella said company exploring new way engage younger audience linkedin including recent launch linkedin story similar disappearing photo char,0.0,0.897,0.103
Zacks.com,Neena Mishra,Why Carbon Credit ETFs Surged More than 100% in 2021,We discuss carbon markets and how investors can play them.,http://www.zacks.com/stock/news/1837599/why-carbon-credit-etfs-surged-more-than-100-in-2021?cid=CS-ENTREPRENEUR-FT-etf_news_and_commentary-1837599,2021-12-09T17:47:00Z,The governments around the world are focused on moving towards goal of net-zero emissions by 2050 set by the 2015 Paris agreement. Some of the largest companies have also voluntarily committed to a n… [+1910 chars],government around world focused moving towards goal netzero emission set paris agreement largest company also voluntarily committed n char,0.0,0.655,0.345
